2015-08-09 00:00:21,geekcookies_ep_0,408
2015-08-09 00:00:21,geekcookies_ep_1,382
2015-08-09 00:00:21,geekcookies_ep_2,270
2015-08-09 00:00:21,geekcookies_ep_3,298
2015-08-09 00:00:21,geekcookies_ep_4,280
2015-08-09 00:00:21,geekcookies_ep_5,285
2015-08-09 00:00:21,geekcookies_ep_6,249
2015-08-09 00:00:21,geekcookies_ep_7,196
2015-08-09 00:00:21,geekcookies_ep_8,209
2015-08-09 00:00:21,geekcookies_ep_9,34
2015-08-09 00:00:21,geekcookies_ep_0,408
2015-08-09 00:00:21,geekcookies_ep_1,382
2015-08-09 00:00:21,geekcookies_ep_2,270
2015-08-09 00:00:21,geekcookies_ep_3,298
2015-08-09 00:00:21,geekcookies_ep_4,280
2015-08-09 00:00:21,geekcookies_ep_5,285
2015-08-09 00:00:21,geekcookies_ep_6,249
2015-08-09 00:00:21,geekcookies_ep_7,196
2015-08-09 00:00:21,geekcookies_ep_8,209
2015-08-09 00:00:21,geekcookies_ep_9,34
